﻿Designator,Footprint,Quantity,Value,LCSC Part #
BT1,Battery_holder__Keystone_Electronic_AA_2462,1,Battery_Cell,
"C1, C3",0805,2,1uF,
"C2, C4",0805,2,100pF,
CapSens-IO1,SolderJumper-2_P1.3mm_Bridged_RoundedPad1.0x1.5mm,1,SolderJumper_2_Bridged,
"CapSens_IO2, SWITCH1",SolderJumper-2_P1.3mm_Open_RoundedPad1.0x1.5mm,2,SolderJumper_2_Open,
"D1, D10, D11, D12, D13, D14, D15, D16, D17, D18, D19, D2, D20, D21, D22, D23, D24, D25, D26, D27, D28, D29, D3, D30, D31, D32, D33, D4, D5, D6, D7, D8, D9",0805,33,LED,
J1,PinHeader_1x04_P2.54mm_Vertical,1,Conn_01x04_Pin,
"R1, R2, R3, R4, R5",0805,5,27Ω,
R6,0805,1,42R,
SW2,FSM2JSMAATR,1,SW_Push,
U2,TSOT32-6,1,~,
U4,SOIC-20W_7.5x12.8mm_P1.27mm,1,ATtiny816-S,
U6,TouchButton-15x10mm,1,~,
